{
    "10000": {
        "CommonNN 0.2": {
            "_type": "TimeitResult",
            "loops": 1,
            "repeat": 7,
            "best": 2.957433892181143,
            "worst": 2.963074483908713,
            "all_runs": [
                2.9594402259681374,
                2.9593586111441255,
                2.9610206028446555,
                2.963074483908713,
                2.9619806928094476,
                2.963038115063682,
                2.957433892181143
            ],
            "compile_time": 9.099999988393392e-05,
            "precision": 3
        },
        "CommonNN 0.1": {
            "_type": "TimeitResult",
            "loops": 1,
            "repeat": 7,
            "best": 1.043132453924045,
            "worst": 1.0500203638803214,
            "all_runs": [
                1.0500203638803214,
                1.0459733079187572,
                1.045963394921273,
                1.0459286069963127,
                1.0457741250284016,
                1.043132453924045,
                1.0450829819310457
            ],
            "compile_time": 6.69999990350334e-05,
            "precision": 3
        },
        "CommonNN 0.05": {
            "_type": "TimeitResult",
            "loops": 1,
            "repeat": 7,
            "best": 0.3238913940731436,
            "worst": 0.3311089270282537,
            "all_runs": [
                0.3251094031147659,
                0.3238913940731436,
                0.3311089270282537,
                0.3263016438577324,
                0.3282447289675474,
                0.3255635038949549,
                0.3270867520477623
            ],
            "compile_time": 6.599999869649764e-05,
            "precision": 3
        }
    },
    "50000": {
        "CommonNN 0.2": {
            "_type": "TimeitResult",
            "loops": 1,
            "repeat": 7,
            "best": 83.596179835964,
            "worst": 91.96603018511087,
            "all_runs": [
                88.0443529910408,
                90.50544284516945,
                91.96603018511087,
                84.48593834694475,
                83.69924622005783,
                83.60155416908674,
                83.596179835964
            ],
            "compile_time": 6.399999983841553e-05,
            "precision": 3
        },
        "CommonNN 0.1": {
            "_type": "TimeitResult",
            "loops": 1,
            "repeat": 7,
            "best": 27.376061995048076,
            "worst": 27.462005540030077,
            "all_runs": [
                27.423126443987712,
                27.376061995048076,
                27.39536521001719,
                27.441946104867384,
                27.409819076070562,
                27.462005540030077,
                27.42909713787958
            ],
            "compile_time": 6.89999978931155e-05,
            "precision": 3
        },
        "CommonNN 0.05": {
            "_type": "TimeitResult",
            "loops": 1,
            "repeat": 7,
            "best": 7.075457699131221,
            "worst": 7.291384560987353,
            "all_runs": [
                7.143107875017449,
                7.166683169081807,
                7.122140403836966,
                7.075457699131221,
                7.216916257981211,
                7.291384560987353,
                7.0790864820592105
            ],
            "compile_time": 6.900000153109431e-05,
            "precision": 3
        }
    },
    "80000": {
        "CommonNN 0.2": {
            "_type": "TimeitResult",
            "loops": 1,
            "repeat": 7,
            "best": 221.00814281683415,
            "worst": 224.39915655110963,
            "all_runs": [
                224.17787028010935,
                224.39915655110963,
                223.210429900093,
                221.87538554193452,
                223.9127145879902,
                224.08090668614022,
                221.00814281683415
            ],
            "compile_time": 6.400000165740494e-05,
            "precision": 3
        },
        "CommonNN 0.1": {
            "_type": "TimeitResult",
            "loops": 1,
            "repeat": 7,
            "best": 73.39664771198295,
            "worst": 74.20940167992376,
            "all_runs": [
                73.75913823093288,
                73.57483981386758,
                73.68119805189781,
                73.39664771198295,
                73.90881583187729,
                73.47029328579083,
                74.20940167992376
            ],
            "compile_time": 6.70000008540228e-05,
            "precision": 3
        },
        "CommonNN 0.05": {
            "_type": "TimeitResult",
            "loops": 1,
            "repeat": 7,
            "best": 18.41352221299894,
            "worst": 19.215475203935057,
            "all_runs": [
                18.41352221299894,
                18.65489430888556,
                19.190342464949936,
                18.442573989974335,
                18.4420957849361,
                18.505952395964414,
                19.215475203935057
            ],
            "compile_time": 6.70000026730122e-05,
            "precision": 3
        }
    },
    "100000": {
        "CommonNN 0.1": {
            "_type": "TimeitResult",
            "loops": 1,
            "repeat": 7,
            "best": 106.39253064291552,
            "worst": 108.38708491204306,
            "all_runs": [
                106.39253064291552,
                106.52365281898528,
                106.65045095910318,
                107.21993262507021,
                106.90230056201108,
                106.94157670112327,
                108.38708491204306
            ],
            "compile_time": 8.700000000061436e-05,
            "precision": 3
        },
        "CommonNN 0.05": {
            "_type": "TimeitResult",
            "loops": 1,
            "repeat": 7,
            "best": 27.827759654959664,
            "worst": 28.399863481987268,
            "all_runs": [
                27.827759654959664,
                28.133554056985304,
                28.341833275044337,
                28.155574468895793,
                28.399863481987268,
                28.15207908884622,
                28.386510017793626
            ],
            "compile_time": 8.199999990665674e-05,
            "precision": 3
        }
    }
}